{
  "layer": 0,
  "total_matched_instances": 1400,
  "total_human_instances": 360,
  "interpretability_correlation": {
    "n": 1400,
    "pearson_r": 0.17383954698402382,
    "pearson_p": 5.808227894661948e-11,
    "spearman_r": 0.17383954698402385,
    "spearman_p": 5.8082278946620845e-11,
    "cohens_kappa": 0.16828414388593604,
    "accuracy": 0.6257142857142857,
    "per_model": {
      "llama3-8b_vit-l-14-336": {
        "n": 167,
        "pearson_r": -0.10689914905055029,
        "pearson_p": 0.16912869447321235,
        "spearman_r": -0.1068991490505503,
        "spearman_p": 0.1691286944732119,
        "cohens_kappa": -0.09179452968645752,
        "accuracy": 0.41317365269461076
      },
      "olmo-7b_vit-l-14-336": {
        "n": 152,
        "pearson_r": 0.12324516925188038,
        "pearson_p": 0.13035629176939326,
        "spearman_r": 0.12324516925188045,
        "spearman_p": 0.130356291769393,
        "cohens_kappa": 0.1138183083884442,
        "accuracy": 0.5592105263157895
      },
      "llama3-8b_dinov2-large-336": {
        "n": 174,
        "pearson_r": 0.061809450436525505,
        "pearson_p": 0.4178131367266458,
        "spearman_r": 0.06180945043652553,
        "spearman_p": 0.4178131367266452,
        "cohens_kappa": 0.06109660574412523,
        "accuracy": 0.6436781609195402
      },
      "qwen2-7b_dinov2-large-336": {
        "n": 144,
        "pearson_r": 0.002561367520589178,
        "pearson_p": 0.9756933528248309,
        "spearman_r": 0.002561367520589139,
        "spearman_p": 0.9756933528248307,
        "cohens_kappa": 0.0025188916876575096,
        "accuracy": 0.8472222222222222
      },
      "qwen2-7b_siglip": {
        "n": 146,
        "pearson_r": 0.13095238095238101,
        "pearson_p": 0.1151421909361734,
        "spearman_r": 0.13095238095238096,
        "spearman_p": 0.11514219093617338,
        "cohens_kappa": 0.13095238095238093,
        "accuracy": 0.9315068493150684
      },
      "llama3-8b_siglip": {
        "n": 139,
        "pearson_r": -0.09524586867255977,
        "pearson_p": 0.26470920079944377,
        "spearman_r": -0.09524586867255977,
        "spearman_p": 0.26470920079944354,
        "cohens_kappa": -0.0874822190611666,
        "accuracy": 0.5251798561151079
      },
      "qwen2-7b_vit-l-14-336_seed10": {
        "n": 171,
        "pearson_r": 0.08906773797166209,
        "pearson_p": 0.24667103700645163,
        "spearman_r": 0.08906773797166208,
        "spearman_p": 0.2466710370064515,
        "cohens_kappa": 0.08818703855619359,
        "accuracy": 0.695906432748538
      },
      "olmo-7b_siglip": {
        "n": 169,
        "pearson_r": 0.0621318954467108,
        "pearson_p": 0.42226626697117015,
        "spearman_r": 0.06213189544671081,
        "spearman_p": 0.4222662669711692,
        "cohens_kappa": 0.057008403361344495,
        "accuracy": 0.5088757396449705
      },
      "olmo-7b_dinov2-large-336": {
        "n": 138,
        "pearson_r": 0.05663645242975793,
        "pearson_p": 0.509378469989031,
        "spearman_r": 0.05663645242975792,
        "spearman_p": 0.5093784699890316,
        "cohens_kappa": 0.05661183507797474,
        "accuracy": 0.5362318840579711
      }
    }
  }
}