{
  "within_image_same_color": {
    "by_color": {
      "yellow": 0.9600489772728945,
      "green": 0.9527400441619343,
      "pink": 0.9686632220974082,
      "brown": 0.9443064415280173,
      "blue": 0.9287059496407406,
      "red": 0.9429649378302715,
      "purple": 0.93204448125062,
      "orange": 0.9316055655234358
    },
    "overall_average": 0.9451349524131653
  },
  "within_image_different_color": {
    "overall_average": 0.5223646625580872
  },
  "across_image_same_color": {
    "by_color": {
      "yellow": 0.953137691348705,
      "green": 0.9479717618677569,
      "pink": 0.9651577744561078,
      "brown": 0.9375375588351278,
      "blue": 0.9244696131580413,
      "red": 0.9366239758787762,
      "purple": 0.9261000322118256,
      "orange": 0.9232196561639325
    },
    "overall_average": 0.9392772579900341
  },
  "across_image_different_color": {
    "overall_average": 0.5195090601248992
  },
  "differences": {
    "within_same_minus_within_different": 0.42277028985507803,
    "across_same_minus_across_different": 0.419768197865135,
    "within_same_minus_across_same": 0.00585769442313111
  },
  "num_images_processed": 100,
  "colors_analyzed": [
    "purple",
    "blue",
    "brown",
    "red",
    "yellow",
    "orange",
    "green",
    "pink"
  ],
  "random_seed": 42
}