{
  "single_token_removed": {
    "0": 0.7959183673469388,
    "1": 0.8775510204081632,
    "2": 0.8775510204081632,
    "3": 0.8775510204081632,
    "4": 0.8775510204081632,
    "5": 0.8775510204081632,
    "6": 0.8775510204081632,
    "7": 0.8775510204081632,
    "8": 0.8775510204081632,
    "9": 0.8775510204081632,
    "10": 0.8775510204081632,
    "11": 0.8775510204081632,
    "12": 0.8775510204081632,
    "13": 0.8775510204081632,
    "14": 0.8775510204081632,
    "15": 0.8775510204081632,
    "16": 0.8775510204081632,
    "17": 0.8775510204081632,
    "18": 0.8775510204081632,
    "19": 0.8775510204081632,
    "20": 0.8775510204081632,
    "21": 0.8775510204081632,
    "22": 0.8775510204081632,
    "23": 0.8775510204081632,
    "24": 0.8775510204081632,
    "25": 0.8775510204081632,
    "26": 0.8775510204081632,
    "27": 0.8775510204081632,
    "28": 0.8775510204081632,
    "29": 0.8775510204081632,
    "30": 0.8775510204081632,
    "31": 0.8775510204081632,
    "32": 0.8775510204081632,
    "33": 0.8775510204081632,
    "34": 0.8775510204081632,
    "35": 0.8775510204081632,
    "36": 0.8775510204081632,
    "37": 0.8775510204081632,
    "38": 0.8775510204081632,
    "39": 0.8775510204081632,
    "40": 0.8775510204081632,
    "41": 0.8775510204081632,
    "42": 0.8775510204081632,
    "43": 0.8775510204081632,
    "44": 0.8775510204081632,
    "45": 0.8775510204081632,
    "46": 0.8775510204081632,
    "47": 0.8775510204081632,
    "48": 0.8775510204081632,
    "49": 0.8775510204081632,
    "50": 0.8775510204081632,
    "51": 0.8775510204081632,
    "52": 0.8775510204081632,
    "53": 0.8775510204081632,
    "54": 0.8775510204081632,
    "55": 0.8775510204081632,
    "56": 0.8775510204081632,
    "57": 0.8775510204081632,
    "58": 0.8775510204081632,
    "59": 0.8775510204081632,
    "60": 0.8775510204081632,
    "61": 0.8775510204081632,
    "62": 0.8775510204081632,
    "63": 0.8775510204081632,
    "64": 0.8775510204081632,
    "65": 0.8775510204081632,
    "66": 0.8775510204081632,
    "67": 0.8775510204081632,
    "68": 0.8775510204081632,
    "69": 0.8775510204081632,
    "70": 0.8775510204081632,
    "71": 0.8775510204081632,
    "72": 0.8775510204081632,
    "73": 0.8775510204081632,
    "74": 0.8775510204081632,
    "75": 0.8775510204081632,
    "76": 0.8775510204081632,
    "77": 0.8775510204081632,
    "78": 0.8775510204081632,
    "79": 0.8775510204081632,
    "80": 0.8775510204081632,
    "81": 0.8775510204081632,
    "82": 0.8775510204081632,
    "83": 0.8775510204081632,
    "84": 0.8775510204081632,
    "85": 0.8775510204081632,
    "86": 0.8775510204081632,
    "87": 0.8775510204081632,
    "88": 0.8775510204081632,
    "89": 0.8775510204081632,
    "90": 0.8775510204081632,
    "91": 0.8775510204081632,
    "92": 0.8775510204081632,
    "93": 0.8775510204081632,
    "94": 0.8775510204081632,
    "95": 0.8775510204081632,
    "96": 0.8775510204081632,
    "97": 0.8775510204081632,
    "98": 0.8775510204081632,
    "99": 0.8775510204081632,
    "100": 0.8775510204081632,
    "101": 0.8775510204081632,
    "102": 0.8775510204081632,
    "103": 0.8775510204081632,
    "104": 0.8775510204081632,
    "105": 0.8775510204081632,
    "106": 0.8775510204081632,
    "107": 0.8775510204081632,
    "108": 0.8775510204081632,
    "109": 0.8775510204081632,
    "110": 0.8775510204081632,
    "111": 0.8775510204081632,
    "112": 0.8775510204081632,
    "113": 0.8775510204081632,
    "114": 0.8775510204081632,
    "115": 0.8775510204081632,
    "116": 0.8775510204081632,
    "117": 0.8775510204081632,
    "118": 0.8775510204081632,
    "119": 0.8775510204081632,
    "120": 0.8775510204081632,
    "121": 0.8775510204081632,
    "122": 0.8775510204081632,
    "123": 0.8775510204081632,
    "124": 0.8775510204081632,
    "125": 0.8775510204081632,
    "126": 0.8775510204081632,
    "127": 0.8775510204081632,
    "128": 0.8775510204081632,
    "129": 0.8775510204081632,
    "130": 0.8775510204081632,
    "131": 0.8775510204081632,
    "132": 0.8775510204081632,
    "133": 0.8775510204081632,
    "134": 0.8775510204081632,
    "135": 0.8775510204081632,
    "136": 0.8775510204081632,
    "137": 0.8775510204081632,
    "138": 0.8775510204081632,
    "139": 0.8775510204081632,
    "140": 0.8775510204081632,
    "141": 0.8775510204081632,
    "142": 0.8775510204081632,
    "143": 0.8775510204081632
  },
  "token_pairs_removed": {
    "(13, 57)": 0.8775510204081632,
    "(2, 127)": 0.8775510204081632,
    "(35, 132)": 0.8775510204081632,
    "(31, 76)": 0.8775510204081632,
    "(28, 60)": 0.8775510204081632,
    "(16, 135)": 0.8775510204081632,
    "(12, 42)": 0.8775510204081632,
    "(91, 109)": 0.8775510204081632,
    "(10, 50)": 0.8775510204081632,
    "(108, 117)": 0.8775510204081632,
    "(61, 81)": 0.8775510204081632,
    "(3, 98)": 0.8775510204081632,
    "(3, 66)": 0.8775510204081632,
    "(11, 29)": 0.8775510204081632,
    "(27, 100)": 0.8775510204081632,
    "(29, 100)": 0.8775510204081632,
    "(79, 143)": 0.8775510204081632,
    "(114, 117)": 0.8775510204081632,
    "(3, 12)": 0.8775510204081632,
    "(96, 124)": 0.8775510204081632,
    "(24, 126)": 0.8775510204081632,
    "(91, 102)": 0.8775510204081632,
    "(60, 124)": 0.8775510204081632,
    "(27, 129)": 0.8775510204081632,
    "(66, 133)": 0.8775510204081632,
    "(107, 132)": 0.8775510204081632,
    "(36, 76)": 0.8775510204081632,
    "(0, 107)": 0.7755102040816326,
    "(19, 89)": 0.8775510204081632,
    "(61, 93)": 0.8775510204081632,
    "(46, 78)": 0.8775510204081632,
    "(36, 71)": 0.8775510204081632,
    "(19, 21)": 0.8775510204081632,
    "(27, 45)": 0.8775510204081632,
    "(45, 115)": 0.8775510204081632,
    "(12, 37)": 0.8775510204081632,
    "(11, 13)": 0.8775510204081632,
    "(53, 77)": 0.8775510204081632,
    "(11, 78)": 0.8775510204081632,
    "(49, 100)": 0.8775510204081632,
    "(46, 139)": 0.8775510204081632,
    "(115, 117)": 0.8775510204081632,
    "(34, 67)": 0.8775510204081632,
    "(5, 12)": 0.8775510204081632,
    "(69, 76)": 0.8775510204081632,
    "(88, 118)": 0.8775510204081632,
    "(15, 21)": 0.8775510204081632,
    "(53, 54)": 0.8775510204081632,
    "(9, 50)": 0.8775510204081632,
    "(93, 117)": 0.8775510204081632,
    "(0, 132)": 0.4897959183673469,
    "(0, 143)": 0.7142857142857143,
    "(132, 143)": 0.8775510204081632
  },
  "token_triplets_removed": {
    "(16, 120, 137)": 0.8775510204081632,
    "(74, 129, 131)": 0.8775510204081632,
    "(44, 100, 140)": 0.8775510204081632,
    "(43, 91, 108)": 0.8775510204081632,
    "(91, 98, 121)": 0.8775510204081632,
    "(83, 91, 128)": 0.8775510204081632,
    "(21, 72, 125)": 0.8775510204081632,
    "(39, 72, 87)": 0.8775510204081632,
    "(10, 63, 80)": 0.8775510204081632,
    "(53, 112, 143)": 0.8775510204081632,
    "(3, 62, 86)": 0.8775510204081632,
    "(2, 33, 130)": 0.8775510204081632,
    "(48, 76, 118)": 0.8775510204081632,
    "(12, 84, 140)": 0.8775510204081632,
    "(64, 66, 115)": 0.8775510204081632,
    "(16, 76, 108)": 0.8775510204081632,
    "(4, 20, 125)": 0.8775510204081632,
    "(81, 96, 133)": 0.8775510204081632,
    "(13, 20, 112)": 0.8775510204081632,
    "(84, 110, 123)": 0.8775510204081632,
    "(5, 35, 67)": 0.8775510204081632,
    "(22, 131, 141)": 0.8775510204081632,
    "(15, 122, 124)": 0.8775510204081632,
    "(28, 69, 123)": 0.8775510204081632,
    "(45, 80, 130)": 0.8775510204081632,
    "(76, 78, 99)": 0.8775510204081632,
    "(21, 102, 137)": 0.8775510204081632,
    "(8, 97, 107)": 0.8775510204081632,
    "(22, 40, 114)": 0.8775510204081632,
    "(21, 35, 82)": 0.8775510204081632,
    "(11, 68, 77)": 0.8775510204081632,
    "(49, 81, 99)": 0.8775510204081632,
    "(15, 34, 35)": 0.8775510204081632,
    "(53, 81, 126)": 0.8775510204081632,
    "(51, 61, 76)": 0.8775510204081632,
    "(46, 126, 133)": 0.8775510204081632,
    "(3, 75, 93)": 0.8775510204081632,
    "(42, 91, 136)": 0.8775510204081632,
    "(45, 75, 85)": 0.8775510204081632,